symbol,n,wr,pf,ret,dd,final,bars,months,annualized,fees
RIVERUSDT,10,40.0,2.589,89.9,-20.1,189.87,1109,6.1,254.5,2.8
NOMUSDT,43,44.18604651162791,2.437,264.0,-27.2,364.03,1236,6.8,885.6,13.3
BOBBOBUSDT,30,50.0,2.319,129.9,-19.3,229.9,912,5.0,637.4,8.24
4USDT,19,42.10526315789473,2.081,72.8,-19.2,172.81,1193,6.5,172.8,3.87
USELESSUSDT,17,41.17647058823529,2.061,99.3,-30.4,199.34,1733,9.5,139.0,4.63
CYSUSDT,9,44.44444444444444,1.923,36.2,-17.9,136.17,803,4.4,132.0,2.2
BERAUSDT,102,39.21568627450981,1.916,451.5,-49.8,551.52,2656,14.6,308.4,37.39
PIEVERSEUSDT,45,31.11111111111111,1.889,108.0,-57.1,208.0,970,5.3,422.0,6.12
ENSOUSDT,33,39.39393939393939,1.874,97.7,-35.5,197.71,1157,6.3,263.1,8.0
MYXUSDT,19,21.052631578947366,1.764,56.4,-55.1,156.38,1577,8.6,86.0,3.07
BUSDT,85,42.35294117647059,1.704,452.9,-43.9,552.86,2022,11.1,536.6,41.15
SAPIENUSDT,58,37.93103448275862,1.686,155.0,-53.7,255.01,1485,8.1,297.4,14.39
XPLUSDT,36,30.555555555555557,1.58,98.9,-41.3,198.9,1475,8.1,177.4,8.67
AEROUSDT,170,39.411764705882355,1.566,672.0,-50.1,772.04,3893,21.3,215.5,87.13
SPKUSDT,110,34.54545454545455,1.565,627.5,-77.9,727.47,1871,10.3,919.1,63.01
RSRUSDT,252,43.65079365079365,1.543,4476.9,-68.9,4576.9,5624,30.8,342.9,671.9
DOLOUSDT,65,41.53846153846154,1.495,173.9,-33.7,273.89,1625,8.9,288.5,24.82
IPUSDT,115,38.26086956521739,1.49,381.9,-43.0,481.89,2651,14.5,266.3,49.33
SUNUSDT,461,38.39479392624729,1.484,16847.2,-57.7,16947.22,5625,30.8,636.9,4557.71
PNUTUSDT,130,38.46153846153847,1.478,296.6,-42.8,396.61,3179,17.4,158.2,42.71
MNTUSDT,377,41.644562334217504,1.434,16654.6,-39.7,16754.55,5617,30.8,635.7,3692.63
JELLYJELLYUSDT,97,28.865979381443296,1.429,208.2,-75.4,308.24,2700,14.8,149.1,27.4
ORDERUSDT,169,37.278106508875744,1.42,532.9,-68.6,632.87,3635,19.9,203.7,89.27
MOVRUSDT,307,33.876221498371336,1.419,415.0,-73.8,515.03,5303,29.1,96.7,66.34
SUSDT,135,34.074074074074076,1.417,381.0,-70.2,481.01,2789,15.3,243.0,72.54
INITUSDT,83,39.75903614457831,1.387,198.3,-49.2,298.29,2255,12.4,188.9,30.8
TSTBSCUSDT,131,38.16793893129771,1.374,183.4,-47.7,283.41,2639,14.5,137.3,34.58
BLUAIUSDT,20,40.0,1.358,23.5,-29.1,123.53,1097,6.0,52.4,3.89
STOUSDT,114,33.33333333333333,1.331,166.9,-52.2,266.88,2243,12.3,160.6,28.94
FOLKSUSDT,27,33.33333333333333,1.315,39.3,-32.6,139.28,821,4.5,141.9,5.48
SQDUSDT,72,40.27777777777778,1.314,186.9,-52.9,286.88,1907,10.5,235.2,40.7
CLOUDUSDT,157,40.76433121019109,1.296,848.1,-49.0,948.13,3870,21.2,256.9,218.77
STRKUSDT,244,38.114754098360656,1.294,385.1,-62.9,485.11,4768,26.1,106.5,95.82
APRUSDT,36,25.0,1.288,54.0,-55.2,154.0,1103,6.0,135.6,7.91
TAUSDT,74,27.027027027027028,1.276,246.9,-78.8,346.91,1667,9.1,412.1,45.64
TRUMPUSDT,181,34.25414364640884,1.273,327.9,-41.7,427.9,2772,15.2,215.1,111.99
ZORAUSDT,81,35.80246913580247,1.261,120.2,-48.7,220.24,2189,12.0,120.2,27.27
SIRENUSDT,110,40.909090909090914,1.255,166.5,-41.1,266.54,2395,13.1,145.0,41.73
MMTUSDT,53,35.84905660377358,1.253,26.9,-61.1,126.93,1079,5.9,62.2,7.09
1000BTTUSDT,477,35.42976939203354,1.253,1695.0,-62.5,1794.98,5624,30.8,207.7,804.59
SONICUSDT,151,39.735099337748345,1.25,188.5,-67.8,288.51,2837,15.6,126.5,58.88
MONUSDT,39,41.02564102564102,1.241,62.4,-38.2,162.43,907,5.0,222.4,13.74
LIGHTUSDT,34,32.35294117647059,1.23,53.3,-45.2,153.35,1258,6.9,110.4,12.79
CHILLGUYUSDT,100,40.0,1.223,505.4,-72.7,605.43,3119,17.1,253.9,124.49
AGIUSDT,274,35.76642335766424,1.221,208.2,-75.3,308.23,5339,29.3,58.6,66.0
AKTUSDT,211,36.492890995260666,1.221,215.2,-67.6,315.22,4007,22.0,87.2,69.84
BEATUSDT,4,50.0,1.215,3.0,-13.9,102.98,929,5.1,7.2,0.74
YGGUSDT,291,38.144329896907216,1.21,512.7,-52.9,612.69,5624,30.8,102.5,169.16
BANANAUSDT,152,38.81578947368421,1.21,308.8,-59.7,408.81,3869,21.2,121.8,104.0
SOONUSDT,98,36.734693877551024,1.207,66.6,-56.0,166.59,2021,11.1,73.8,21.52
BROCCOLIUSDT,116,49.137931034482754,1.202,195.8,-47.0,295.8,2609,14.3,148.4,67.98
GUNUSDT,81,34.5679012345679,1.189,90.5,-44.3,190.53,2338,12.8,82.9,26.06
CETUSUSDT,197,39.59390862944163,1.188,609.1,-72.7,709.06,4860,26.6,141.6,203.55
XCNUSDT,372,33.60215053763441,1.18,4098.8,-68.2,4198.77,5624,30.8,328.3,1452.01
KASUSDT,365,34.52054794520548,1.174,389.8,-56.5,489.75,5624,30.8,85.6,155.81
BRETTUSDT,159,37.10691823899371,1.17,214.0,-70.8,314.03,4373,24.0,77.3,65.51
DOODUSDT,100,36.0,1.166,221.5,-55.9,321.54,2104,11.5,237.0,85.09
BBUSDT,200,35.0,1.162,223.7,-59.1,323.72,4265,23.4,82.7,82.74
DBRUSDT,188,40.42553191489361,1.162,433.2,-52.3,533.22,3330,18.3,200.5,181.08
DYMUSDT,197,42.13197969543147,1.159,320.8,-42.0,420.81,4849,26.6,91.3,133.04
CKBUSDT,329,36.17021276595745,1.158,805.5,-63.9,905.55,5624,30.8,135.7,368.99
ALGOUSDT,363,39.94490358126722,1.157,835.3,-68.1,935.27,5624,30.8,138.7,402.83
PENGUUSDT,103,32.038834951456316,1.157,134.1,-51.5,234.05,2962,16.2,87.5,48.87
1000000BABYDOGEUSDT,233,39.91416309012876,1.155,278.1,-44.7,378.12,4096,22.5,103.5,132.21
EULUSDT,39,43.58974358974359,1.154,19.1,-42.6,119.15,1158,6.3,39.3,7.8
ACTUSDT,162,33.33333333333333,1.152,53.5,-71.2,153.55,3179,17.4,34.3,26.62
RUNEUSDT,312,38.46153846153847,1.151,473.0,-47.4,573.0,5624,30.8,97.3,247.27
XIONUSDT,133,31.57894736842105,1.15,69.2,-66.9,169.2,3035,16.6,46.1,28.41
LAUSDT,81,40.74074074074074,1.147,40.9,-31.8,140.87,1944,10.7,47.1,19.9
1000LUNCUSDT,442,35.52036199095023,1.146,334.0,-75.9,433.95,5624,30.8,77.0,172.79
MAGICUSDT,286,37.76223776223776,1.143,1665.8,-68.5,1765.8,5624,30.8,205.7,802.02
WLFIUSDT,93,31.182795698924732,1.128,44.1,-52.7,144.13,1469,8.1,72.4,25.11
KMNOUSDT,170,33.52941176470588,1.121,88.5,-70.7,188.45,3377,18.5,50.8,45.86
STGUSDT,390,38.71794871794872,1.116,102.6,-80.0,202.57,5624,30.8,31.6,70.62
VIRTUALUSDT,104,38.46153846153847,1.113,74.4,-47.2,174.43,3239,17.8,45.6,42.24
ATOMUSDT,408,40.44117647058824,1.112,436.7,-58.4,536.69,5624,30.8,92.3,324.33
LUNA2USDT,396,34.34343434343434,1.111,113.7,-81.3,213.67,5624,30.8,34.4,81.84
CARVUSDT,205,38.048780487804876,1.11,51.3,-73.5,151.27,3336,18.3,31.2,31.94
YBUSDT,48,31.25,1.11,19.2,-42.0,119.23,1175,6.4,38.8,9.54
VANRYUSDT,201,36.318407960199,1.109,103.6,-50.4,203.56,4631,25.4,39.9,60.19
AXSUSDT,371,40.43126684636118,1.108,776.2,-61.7,876.22,5624,30.8,132.7,534.44
AXLUSDT,269,37.54646840148699,1.108,100.1,-87.8,200.07,5219,28.6,33.8,58.9
ZKUSDT,207,38.64734299516908,1.107,73.2,-61.2,173.25,4045,22.2,34.6,47.48
SKLUSDT,317,39.11671924290221,1.105,2040.4,-84.8,2140.39,5624,30.8,229.5,1306.87
ILVUSDT,337,36.795252225519285,1.104,336.3,-54.6,436.32,5625,30.8,77.4,231.05
HIGHUSDT,314,39.490445859872615,1.104,919.8,-64.5,1019.79,5624,30.8,146.9,683.56
RENDERUSDT,210,40.95238095238095,1.104,144.7,-55.0,244.73,3828,21.0,66.8,94.47
CAKEUSDT,352,38.06818181818182,1.103,135.6,-43.4,235.62,5423,29.7,41.3,114.85
ALPINEUSDT,120,35.833333333333336,1.099,35.4,-51.3,135.42,1523,8.3,54.6,31.2
RONINUSDT,144,37.5,1.098,63.3,-46.7,163.31,2617,14.3,50.7,49.7
COREUSDT,345,35.36231884057971,1.097,61.9,-78.6,161.91,5624,30.8,20.6,48.28
ALICEUSDT,312,34.61538461538461,1.095,157.7,-67.2,257.66,5624,30.8,44.5,100.15
COWUSDT,150,33.33333333333333,1.093,46.7,-44.8,146.66,3197,17.5,30.0,35.97
DOGEUSDT,413,37.530266343825666,1.093,482.9,-58.5,582.94,5624,30.8,98.6,405.55
INUSDT,63,42.857142857142854,1.092,27.9,-47.2,127.92,1565,8.6,41.1,20.94
KERNELUSDT,99,37.37373737373738,1.089,72.9,-56.7,172.93,2255,12.4,70.2,47.04
CHZUSDT,385,35.84415584415584,1.087,132.6,-64.6,232.57,5624,30.8,38.9,123.29
ARUSDT,286,35.31468531468531,1.086,91.3,-72.2,191.34,5624,30.8,28.7,69.45
KNCUSDT,436,36.00917431192661,1.084,117.2,-71.8,217.24,5624,30.8,35.2,114.66
DYDXUSDT,326,37.423312883435585,1.081,73.1,-86.1,173.14,5624,30.8,23.8,60.8
SAFEUSDT,241,35.684647302904565,1.079,69.0,-62.4,169.01,4355,23.9,30.2,63.78
CVXUSDT,322,38.81987577639752,1.076,269.1,-78.9,369.06,5624,30.8,66.2,227.32
XRPUSDT,475,35.78947368421053,1.074,115.0,-63.4,215.01,5624,30.8,34.7,149.87
SHELLUSDT,103,40.77669902912621,1.074,65.0,-70.3,165.03,2592,14.2,52.7,49.93
GIGAUSDT,97,38.144329896907216,1.072,24.7,-45.0,124.73,2993,16.4,17.5,21.85
1000FLOKIUSDT,297,32.996632996633,1.072,78.5,-74.0,178.52,5624,30.8,25.3,72.9
HBARUSDT,401,37.406483790523694,1.067,194.2,-69.0,294.23,5624,30.8,52.2,221.03
COTIUSDT,308,36.038961038961034,1.066,124.7,-65.4,224.75,5624,30.8,37.0,123.31
XVGUSDT,332,34.93975903614458,1.065,203.3,-71.2,303.28,5624,30.8,54.0,209.34
ARCUSDT,64,32.8125,1.063,18.2,-56.1,118.22,2861,15.7,13.7,13.87
XAUTUSDT,248,33.064516129032256,1.063,10.9,-28.0,110.87,2321,12.7,10.2,45.92
IOTAUSDT,372,37.096774193548384,1.058,83.0,-68.9,183.03,5624,30.8,26.5,107.76
XANUSDT,39,35.8974358974359,1.058,7.9,-50.7,107.87,1247,6.8,14.2,6.72
PUFFERUSDT,137,34.306569343065696,1.055,26.3,-65.8,126.26,3346,18.3,16.5,31.22
WLDUSDT,269,34.20074349442379,1.054,29.9,-79.3,129.92,5624,30.8,10.7,36.17
10000SATSUSDT,264,33.71212121212121,1.051,35.6,-78.4,135.6,5344,29.3,13.3,41.49
BSVUSDT,448,34.151785714285715,1.05,115.8,-71.3,215.78,5624,30.8,34.9,194.51
MINAUSDT,344,38.662790697674424,1.05,160.1,-81.5,260.06,5624,30.8,45.1,220.98
IOSTUSDT,422,40.758293838862556,1.047,105.9,-67.5,205.91,5624,30.8,32.5,184.26
ZILUSDT,407,35.38083538083538,1.045,59.4,-69.5,159.38,5624,30.8,19.9,110.4
ARBUSDT,365,36.71232876712329,1.044,94.7,-74.4,194.74,5624,30.8,29.6,150.71
HYPERUSDT,125,37.6,1.042,20.8,-53.3,120.82,2207,12.1,20.6,32.42
GOATUSDT,134,29.1044776119403,1.039,46.6,-69.0,146.61,3293,18.1,29.0,67.26
METISUSDT,268,32.46268656716418,1.034,29.8,-71.9,129.81,5057,27.7,12.0,50.93
GPSUSDT,87,33.33333333333333,1.033,12.2,-52.8,112.17,2586,14.2,10.2,20.88
BEAMUSDT,251,36.254980079681275,1.033,43.3,-71.5,143.27,5357,29.4,15.8,81.31
REDUSDT,122,37.704918032786885,1.029,10.7,-36.9,110.67,2537,13.9,9.1,23.28
BRUSDT,99,24.242424242424242,1.029,11.6,-59.0,111.59,2404,13.2,10.5,26.86
CTCUSDT,407,39.80343980343981,1.028,59.8,-67.3,159.75,5624,30.8,20.0,180.48
POLUSDT,263,36.50190114068441,1.027,30.3,-48.3,130.28,3581,19.6,17.5,88.76
ALTUSDT,226,39.38053097345133,1.026,36.2,-63.0,136.22,4924,27.0,14.7,96.14
USUSDT,23,30.434782608695656,1.025,1.8,-38.4,101.8,803,4.4,5.0,3.93
SUPERUSDT,262,33.969465648854964,1.024,43.3,-74.5,143.34,5303,29.1,16.0,114.58
ACEUSDT,250,34.4,1.023,19.1,-64.7,119.1,5153,28.3,7.7,50.88
JASMYUSDT,335,32.23880597014925,1.022,181.3,-90.1,281.26,5624,30.8,49.6,594.49
EGLDUSDT,393,36.6412213740458,1.02,33.5,-61.9,133.49,5624,30.8,11.9,122.43
SNXUSDT,335,36.11940298507463,1.019,21.4,-56.7,121.38,5624,30.8,7.8,80.8
JUPUSDT,261,38.31417624521073,1.019,13.1,-63.8,113.08,4887,26.8,5.7,44.67
GMTUSDT,335,35.223880597014926,1.016,13.4,-68.4,113.43,5624,30.8,5.0,65.55
SHIB1000USDT,465,37.41935483870968,1.015,19.6,-65.0,119.65,5624,30.8,7.2,117.66
TAIKOUSDT,259,36.293436293436294,1.014,18.2,-62.3,118.24,4132,22.7,9.3,93.72
ETCUSDT,480,37.916666666666664,1.014,17.3,-65.1,117.33,5624,30.8,6.4,111.13
BIOUSDT,102,26.47058823529412,1.012,3.5,-80.5,103.51,2916,16.0,2.6,14.22
BLURUSDT,337,32.640949554896146,1.011,24.5,-84.1,124.49,5624,30.8,8.9,137.15
COOKIEUSDT,106,34.90566037735849,1.01,5.9,-72.3,105.87,2838,15.6,4.5,34.34
WOOUSDT,294,34.35374149659864,1.009,16.7,-77.8,116.69,5624,30.8,6.2,120.95
BIGTIMEUSDT,258,35.27131782945737,1.007,7.3,-74.4,107.32,5554,30.4,2.8,70.31
CUSDT,92,33.69565217391305,1.007,1.0,-85.1,100.98,1703,9.3,1.3,7.69
AEVOUSDT,216,30.555555555555557,1.006,3.8,-66.3,103.76,4637,25.4,1.8,37.15
NEWTUSDT,105,36.19047619047619,1.005,2.3,-73.7,102.29,1853,10.2,2.7,31.64
IMXUSDT,276,37.68115942028986,1.005,10.7,-82.0,110.68,5624,30.8,4.0,139.64
KAIAUSDT,247,36.84210526315789,1.004,4.2,-70.9,104.2,3240,17.8,2.8,82.68
GALAUSDT,306,36.27450980392157,1.0,-0.3,-60.8,99.66,5624,30.8,-0.1,61.77
MANAUSDT,396,35.858585858585855,0.999,-2.3,-68.2,97.66,5624,30.8,-0.9,112.53
1000TAGUSDT,48,33.33333333333333,0.998,-0.3,-40.2,99.67,1625,8.9,-0.4,11.88
GRTUSDT,360,36.666666666666664,0.996,-7.4,-75.8,92.62,5624,30.8,-2.9,123.28
UNIUSDT,375,36.53333333333333,0.994,-11.6,-74.4,88.4,5624,30.8,-4.7,127.82
RVNUSDT,402,38.80597014925373,0.994,-7.8,-64.3,92.18,5624,30.8,-3.1,103.71
PROMPTUSDT,75,37.333333333333336,0.994,-1.6,-57.7,98.37,2278,12.5,-1.6,16.67
FARTCOINUSDT,88,30.681818181818183,0.993,-2.4,-50.8,97.56,2945,16.1,-1.8,17.78
TNSRUSDT,181,35.91160220994475,0.992,-5.1,-58.7,94.87,4475,24.5,-2.5,39.88
ANKRUSDT,416,36.77884615384615,0.992,-7.7,-73.1,92.27,5624,30.8,-3.1,75.61
MEWUSDT,215,31.627906976744185,0.99,-14.2,-76.9,85.8,4390,24.1,-7.4,78.78
1000NEIROCTOUSDT,148,36.486486486486484,0.989,-4.0,-69.5,96.0,3515,19.3,-2.5,19.78
DASHUSDT,411,36.73965936739659,0.989,-5.5,-81.8,94.46,5624,30.8,-2.2,40.13
STXUSDT,340,33.23529411764706,0.988,-14.3,-89.7,85.73,5624,30.8,-5.8,83.18
ACHUSDT,369,35.50135501355013,0.987,-15.1,-76.7,84.94,5624,30.8,-6.2,78.9
SANDUSDT,397,35.26448362720403,0.986,-22.3,-75.1,77.69,5624,30.8,-9.4,111.06
XNYUSDT,46,26.08695652173913,0.986,-4.8,-71.7,95.16,1528,8.4,-6.9,13.88
CFXUSDT,326,37.73006134969325,0.981,-15.2,-86.2,84.85,5624,30.8,-6.2,46.27
TRXUSDT,592,38.17567567567568,0.98,-22.6,-79.5,77.44,5624,30.8,-9.5,149.01
BLASTUSDT,260,34.61538461538461,0.98,-18.5,-69.9,81.51,4001,21.9,-10.6,62.99
AVAXUSDT,341,37.5366568914956,0.98,-37.0,-87.3,62.98,5624,30.8,-16.5,126.23
PENDLEUSDT,295,32.88135593220339,0.979,-22.8,-87.9,77.23,5624,30.8,-9.6,64.41
BOMEUSDT,207,31.88405797101449,0.978,-11.7,-89.8,88.3,4625,25.4,-5.7,27.68
ONTUSDT,374,36.36363636363637,0.978,-13.1,-75.1,86.94,5625,30.8,-5.3,43.68
RAYDIUMUSDT,202,35.148514851485146,0.978,-19.7,-65.3,80.33,4139,22.7,-10.9,53.45
XTZUSDT,467,38.11563169164882,0.976,-38.0,-80.9,61.96,5624,30.8,-17.0,128.12
PAXGUSDT,620,31.129032258064516,0.976,-7.4,-36.5,92.64,5624,30.8,-2.9,100.07
ETHBTCUSDT,422,33.41232227488152,0.976,-17.1,-62.7,82.93,4121,22.6,-9.5,100.87
THETAUSDT,330,36.96969696969697,0.974,-18.1,-76.3,81.92,5624,30.8,-7.5,47.11
LINKUSDT,394,36.29441624365482,0.973,-39.1,-86.6,60.9,5624,30.8,-17.6,107.4
ZECUSDT,329,34.04255319148936,0.971,-17.7,-90.6,82.31,5624,30.8,-7.3,43.25
HOMEUSDT,127,35.43307086614173,0.971,-10.9,-64.8,89.15,1913,10.5,-12.3,23.85
VELODROMEUSDT,217,29.493087557603687,0.969,-22.6,-72.0,77.38,2987,16.4,-17.1,46.76
MEMEUSDT,283,32.15547703180212,0.969,-29.5,-84.6,70.51,5423,29.7,-13.2,53.08
MOVEUSDT,135,41.48148148148148,0.968,-16.0,-56.9,84.03,3011,16.5,-11.9,36.54
SCRUSDT,171,35.08771929824561,0.966,-36.1,-82.4,63.93,3372,18.5,-25.2,64.16
BABYUSDT,134,35.82089552238806,0.964,-12.3,-68.8,87.73,2321,12.7,-11.6,21.86
SOLUSDT,416,37.019230769230774,0.962,-62.4,-90.1,37.62,5624,30.8,-31.7,116.44
1000BONKUSDT,224,31.25,0.961,-41.9,-82.6,58.12,5624,30.8,-19.0,59.64
1000000CHEEMSUSDT,191,32.460732984293195,0.961,-17.1,-60.9,82.94,3095,17.0,-12.4,26.98
ZENUSDT,331,33.8368580060423,0.96,-27.3,-73.8,72.75,5624,30.8,-11.6,46.79
SCUSDT,449,34.74387527839644,0.959,-48.1,-83.1,51.95,5624,30.8,-22.5,94.83
TURTLEUSDT,58,41.37931034482759,0.955,-5.9,-35.8,94.08,1108,6.1,-11.4,9.56
1000TURBOUSDT,173,37.57225433526011,0.953,-14.8,-84.6,85.19,4714,25.8,-7.2,16.71
AVNTUSDT,44,45.45454545454545,0.953,-6.0,-27.2,93.97,1366,7.5,-9.5,8.9
LQTYUSDT,308,32.142857142857146,0.952,-48.9,-85.3,51.09,5624,30.8,-23.0,61.27
WALUSDT,125,39.2,0.951,-16.9,-65.7,83.09,2363,13.0,-15.8,22.65
ENJUSDT,327,37.920489296636084,0.951,-35.3,-72.3,64.73,5624,30.8,-15.6,51.21
SOMIUSDT,75,42.66666666666667,0.95,-9.9,-36.4,90.14,1408,7.7,-14.9,15.57
STORJUSDT,389,33.933161953727506,0.949,-46.6,-70.9,53.39,5624,30.8,-21.7,61.57
FILUSDT,372,37.634408602150536,0.948,-55.8,-82.4,44.16,5624,30.8,-27.2,83.57
VINEUSDT,135,31.851851851851855,0.944,-38.1,-74.8,61.87,2741,15.0,-31.8,33.99
WETUSDT,39,38.46153846153847,0.943,-8.0,-46.0,92.02,851,4.7,-19.3,8.27
VANAUSDT,180,33.88888888888889,0.942,-46.4,-85.0,53.63,2969,16.3,-36.8,49.78
APTUSDT,354,36.15819209039548,0.941,-41.7,-67.9,58.27,5624,30.8,-19.0,48.05
VVVUSDT,104,35.57692307692308,0.941,-23.5,-59.9,76.46,2713,14.9,-19.5,21.58
1INCHUSDT,412,37.13592233009709,0.939,-43.0,-66.6,57.02,5624,30.8,-19.6,54.22
ZKCUSDT,68,30.88235294117647,0.936,-16.8,-61.8,83.19,1330,7.3,-26.1,16.58
QTUMUSDT,438,34.70319634703196,0.934,-34.5,-90.4,65.46,5624,30.8,-15.2,38.67
CYBERUSDT,340,32.05882352941177,0.934,-51.3,-93.7,48.74,5624,30.8,-24.4,45.21
MELANIAUSDT,179,31.843575418994412,0.933,-38.4,-71.7,61.63,2760,15.1,-31.9,33.73
XAIUSDT,247,34.0080971659919,0.933,-37.7,-78.4,62.29,5015,27.5,-18.7,34.68
SOLAYERUSDT,151,30.4635761589404,0.932,-39.7,-74.1,60.31,2626,14.4,-34.4,39.23
ETHUSDT,531,32.7683615819209,0.931,-57.0,-73.7,42.98,5627,30.8,-28.0,76.56
NEOUSDT,423,36.40661938534279,0.928,-61.1,-83.2,38.87,5624,30.8,-30.8,62.28
JTOUSDT,242,35.12396694214876,0.927,-61.1,-93.5,38.88,5215,28.6,-32.7,48.03
LPTUSDT,330,30.909090909090907,0.927,-66.4,-86.2,33.56,5624,30.8,-34.6,51.21
ONDOUSDT,282,35.1063829787234,0.926,-60.7,-78.1,39.27,4937,27.1,-33.9,54.03
RDNTUSDT,327,37.00305810397553,0.926,-50.5,-73.7,49.53,5625,30.8,-23.9,44.28
WAVESUSDT,424,35.613207547169814,0.926,-70.7,-83.6,29.28,5624,30.8,-38.0,68.22
LSKUSDT,364,34.89010989010989,0.926,-70.4,-87.6,29.56,5057,27.7,-41.0,71.69
1000TOSHIUSDT,134,31.343283582089555,0.926,-38.3,-74.6,61.75,3035,16.6,-29.4,27.9
KSMUSDT,372,36.82795698924731,0.92,-42.5,-92.7,57.52,5624,30.8,-19.4,37.48
10000QUBICUSDT,150,32.0,0.92,-37.3,-69.9,62.66,2921,16.0,-29.6,27.36
SCRTUSDT,350,36.0,0.917,-58.0,-86.7,41.99,5624,30.8,-28.7,48.77
ICPUSDT,364,35.43956043956044,0.915,-66.9,-80.1,33.15,5624,30.8,-34.9,54.48
KAITOUSDT,148,31.756756756756754,0.915,-38.7,-62.2,61.35,2572,14.1,-34.0,25.59
SEIUSDT,288,37.15277777777778,0.914,-50.8,-79.6,49.22,5624,30.8,-24.1,37.63
WAXPUSDT,424,32.78301886792453,0.913,-73.0,-79.5,26.98,5567,30.5,-40.3,61.74
SSVUSDT,268,30.597014925373134,0.91,-76.8,-91.9,23.18,5624,30.8,-43.4,46.63
SUIUSDT,319,31.974921630094045,0.91,-65.7,-71.6,34.3,5624,30.8,-34.1,43.23
ZRXUSDT,373,33.78016085790885,0.91,-48.5,-74.4,51.53,5624,30.8,-22.7,38.07
AVAUSDT,189,39.682539682539684,0.907,-42.6,-73.7,57.43,2969,16.3,-33.6,33.37
ORDIUSDT,275,33.45454545454545,0.907,-64.0,-90.5,36.0,5624,30.8,-32.8,35.94
IOTXUSDT,388,33.50515463917525,0.903,-88.7,-95.9,11.33,5624,30.8,-57.1,53.52
XLMUSDT,477,39.62264150943396,0.898,-59.1,-76.1,40.92,5624,30.8,-29.4,55.79
BELUSDT,352,33.52272727272727,0.897,-74.3,-85.7,25.67,5624,30.8,-41.1,48.92
PHAUSDT,222,34.234234234234236,0.897,-70.0,-89.8,29.97,4163,22.8,-46.9,41.1
JSTUSDT,538,33.82899628252788,0.896,-78.4,-84.4,21.6,5624,30.8,-44.9,74.81
AWEUSDT,148,36.486486486486484,0.895,-29.0,-62.1,71.0,2027,11.1,-30.9,21.76
EVAAUSDT,44,38.63636363636363,0.895,-16.1,-40.0,83.94,1139,6.2,-28.6,9.94
CGPTUSDT,148,35.810810810810814,0.895,-37.1,-59.5,62.93,2819,15.5,-30.2,21.46
REQUSDT,476,30.88235294117647,0.894,-96.1,-98.9,3.86,5624,30.8,-71.8,65.88
AIOUSDT,65,30.76923076923077,0.894,-24.6,-54.6,75.43,1528,8.4,-33.2,13.25
OPUSDT,337,32.93768545994065,0.893,-68.7,-79.2,31.33,5624,30.8,-36.3,40.33
BATUSDT,424,37.264150943396224,0.892,-68.2,-75.0,31.79,5624,30.8,-36.0,46.45
ZETAUSDT,284,32.04225352112676,0.891,-73.3,-85.9,26.68,4884,26.8,-44.7,38.77
DEEPUSDT,116,32.758620689655174,0.89,-38.4,-67.5,61.56,3329,18.3,-27.3,19.44
INJUSDT,292,37.67123287671233,0.889,-59.2,-85.9,40.83,5624,30.8,-29.4,32.86
NIGHTUSDT,41,29.268292682926827,0.888,-16.4,-45.1,83.63,821,4.5,-37.9,9.53
KAVAUSDT,455,32.967032967032964,0.888,-94.1,-97.5,5.9,5624,30.8,-66.8,60.77
NOTUSDT,246,32.52032520325203,0.886,-54.0,-74.8,46.02,4252,23.3,-32.9,27.56
ANIMEUSDT,154,32.467532467532465,0.885,-50.1,-79.8,49.94,2740,15.0,-42.6,27.13
1000XECUSDT,477,34.80083857442348,0.884,-69.6,-85.5,30.43,5624,30.8,-37.1,46.68
MLNUSDT,176,36.36363636363637,0.883,-68.5,-86.8,31.5,2286,12.5,-66.9,40.53
IOUSDT,204,38.72549019607843,0.883,-57.9,-72.3,42.11,4096,22.5,-37.0,27.1
LRCUSDT,375,33.86666666666667,0.881,-68.0,-85.4,31.98,5624,30.8,-35.8,39.83
GLMUSDT,428,33.177570093457945,0.881,-76.5,-83.9,23.52,5624,30.8,-43.1,47.23
VETUSDT,394,36.04060913705584,0.881,-77.4,-83.2,22.62,5624,30.8,-43.9,52.76
HYPEUSDT,163,33.74233128834356,0.879,-55.9,-79.0,44.1,3035,16.6,-44.6,26.7
CLOUSDT,33,30.303030303030305,0.879,-9.8,-47.0,90.22,1139,6.2,-17.9,4.83
FLOWUSDT,374,33.42245989304813,0.879,-65.6,-78.1,34.43,5624,30.8,-34.0,38.78
TIAUSDT,250,30.4,0.878,-72.0,-93.2,27.96,5439,29.8,-40.1,32.17
MTLUSDT,461,34.924078091106296,0.875,-82.6,-91.3,17.42,5624,30.8,-49.3,49.06
HIVEUSDT,265,32.075471698113205,0.873,-62.6,-88.5,37.36,2927,16.0,-52.1,35.27
ORCAUSDT,259,33.204633204633204,0.873,-70.5,-86.4,29.5,4522,24.8,-44.6,35.25
TUTUSDT,126,25.396825396825395,0.873,-30.3,-78.9,69.66,2411,13.2,-28.0,15.01
APEUSDT,372,33.33333333333333,0.872,-69.1,-85.8,30.94,5624,30.8,-36.7,34.13
WCTUSDT,150,30.0,0.871,-61.8,-76.4,38.24,2249,12.3,-60.8,27.66
API3USDT,315,33.01587301587301,0.868,-70.3,-84.4,29.67,5624,30.8,-37.7,33.09
SUSHIUSDT,342,33.04093567251462,0.868,-64.3,-75.3,35.68,5624,30.8,-33.0,33.85
1000RATSUSDT,187,24.598930481283425,0.867,-89.0,-96.0,11.01,5309,29.1,-59.7,28.56
VELOUSDT,235,37.87234042553192,0.866,-57.2,-73.9,42.85,4229,23.2,-35.5,23.76
2ZUSDT,63,36.507936507936506,0.866,-16.7,-40.9,83.27,1228,6.7,-27.8,9.49
KITEUSDT,59,28.8135593220339,0.866,-20.8,-74.6,79.2,1066,5.8,-38.0,8.07
ADAUSDT,429,34.26573426573427,0.863,-75.9,-80.2,24.09,5624,30.8,-42.5,41.8
QNTUSDT,486,34.15637860082305,0.863,-84.6,-85.3,15.43,5624,30.8,-51.7,48.17
FLUIDUSDT,74,31.08108108108108,0.862,-23.7,-51.2,76.34,1277,7.0,-37.0,11.77
AAVEUSDT,374,34.75935828877005,0.861,-78.0,-86.5,22.01,5625,30.8,-44.5,38.62
XDCUSDT,241,31.535269709543567,0.858,-81.2,-91.7,18.77,2633,14.4,-75.1,51.15
RPLUSDT,315,31.428571428571427,0.855,-72.9,-82.6,27.12,5624,30.8,-39.8,32.67
TAOUSDT,244,30.737704918032787,0.853,-58.2,-74.4,41.81,4895,26.8,-32.3,22.04
TLMUSDT,326,32.20858895705521,0.852,-88.4,-93.0,11.56,5624,30.8,-56.8,37.38
BANKUSDT,86,26.744186046511626,0.85,-60.0,-78.6,40.0,2111,11.6,-61.3,21.04
CATIUSDT,248,22.983870967741936,0.85,-95.8,-98.5,4.2,3546,19.4,-85.9,33.71
MERLUSDT,154,26.623376623376622,0.849,-81.0,-91.4,19.04,4415,24.2,-56.1,27.59
WUSDT,222,36.93693693693694,0.848,-50.3,-87.8,49.71,4510,24.7,-28.8,19.59
ASTRUSDT,399,34.08521303258145,0.848,-83.4,-89.7,16.62,5624,30.8,-50.3,35.79
GNOUSDT,326,32.82208588957055,0.847,-78.6,-82.3,21.36,4265,23.4,-54.7,42.16
ZBCNUSDT,208,28.365384615384613,0.846,-87.1,-94.9,12.87,4427,24.3,-63.7,30.31
BANDUSDT,358,33.5195530726257,0.845,-56.1,-90.0,43.87,5624,30.8,-27.4,24.68
CELOUSDT,350,34.57142857142857,0.845,-75.6,-80.7,24.38,5624,30.8,-42.3,31.53
PORTALUSDT,199,30.65326633165829,0.843,-62.6,-82.4,37.39,4710,25.8,-36.7,19.88
ATHUSDT,225,34.66666666666667,0.842,-84.8,-90.4,15.18,4085,22.4,-63.6,29.6
PEOPLEUSDT,267,31.086142322097377,0.84,-82.2,-92.1,17.83,5624,30.8,-48.9,30.21
DOGUSDT,173,28.32369942196532,0.838,-62.1,-79.4,37.94,4139,22.7,-40.1,19.21
GRASSUSDT,137,29.927007299270077,0.836,-75.0,-92.0,25.04,3329,18.3,-59.8,22.95
ARKMUSDT,267,31.46067415730337,0.836,-74.9,-86.3,25.14,5624,30.8,-41.6,24.21
DUSKUSDT,273,30.4029304029304,0.835,-73.0,-86.5,27.0,5624,30.8,-39.9,25.54
XVSUSDT,415,32.7710843373494,0.834,-92.3,-95.9,7.67,5624,30.8,-63.2,34.14
MOCAUSDT,212,34.90566037735849,0.834,-74.3,-78.3,25.66,3911,21.4,-53.3,28.24
ROSEUSDT,286,34.96503496503497,0.834,-70.2,-82.4,29.84,5624,30.8,-37.5,27.73
HPOS10IUSDT,116,34.48275862068966,0.833,-46.6,-58.5,53.42,3305,18.1,-34.0,15.9
KGENUSDT,49,28.57142857142857,0.827,-27.9,-67.6,72.11,1198,6.6,-45.0,8.02
AIOZUSDT,191,30.89005235602094,0.826,-71.9,-86.0,28.12,4085,22.4,-49.3,23.07
SLPUSDT,357,32.773109243697476,0.825,-88.6,-90.0,11.4,5624,30.8,-57.1,32.69
ENAUSDT,159,32.075471698113205,0.823,-50.8,-85.7,49.17,4517,24.8,-29.1,15.05
LDOUSDT,278,35.97122302158273,0.823,-59.9,-83.9,40.12,5624,30.8,-29.9,20.76
RLCUSDT,392,32.6530612244898,0.822,-91.8,-93.9,8.24,5624,30.8,-62.1,32.59
C98USDT,334,31.437125748502993,0.822,-89.4,-91.4,10.63,5624,30.8,-58.2,29.26
ETHFIUSDT,217,33.6405529953917,0.821,-69.8,-80.0,30.18,4606,25.3,-43.4,21.85
BNBUSDT,588,33.50340136054422,0.82,-80.5,-81.8,19.47,5624,30.8,-47.1,47.97
SYRUPUSDT,116,34.48275862068966,0.819,-54.9,-68.2,45.08,2046,11.2,-57.4,17.28
NXPCUSDT,140,34.285714285714285,0.819,-52.7,-59.4,47.26,2070,11.3,-54.7,19.96
BNTUSDT,486,31.68724279835391,0.818,-96.7,-97.7,3.27,5624,30.8,-73.6,38.3
LABUSDT,29,27.586206896551722,0.817,-18.3,-49.6,81.72,1079,5.9,-33.6,4.46
ROAMUSDT,98,27.55102040816326,0.817,-49.7,-64.1,50.31,2483,13.6,-45.4,14.48
SYNUSDT,192,31.25,0.817,-86.2,-91.0,13.81,3677,20.2,-69.2,26.61
HUMAUSDT,94,30.851063829787233,0.817,-49.9,-80.2,50.1,2002,11.0,-53.0,14.99
ONGUSDT,418,35.16746411483253,0.816,-82.2,-92.4,17.75,5273,28.9,-51.2,31.07
PYTHUSDT,276,31.521739130434785,0.814,-77.9,-80.3,22.15,5316,29.1,-46.2,23.11
BCHUSDT,504,30.753968253968257,0.812,-90.8,-92.0,9.19,5624,30.8,-60.5,36.23
BICOUSDT,295,38.64406779661017,0.812,-82.8,-86.5,17.18,5624,30.8,-49.6,27.06
CRVUSDT,379,29.287598944591032,0.81,-97.1,-97.6,2.93,5624,30.8,-74.7,32.13
AIXBTUSDT,103,33.980582524271846,0.809,-48.7,-61.9,51.27,2945,16.1,-39.1,13.18
GMXUSDT,383,34.20365535248042,0.809,-95.1,-97.6,4.85,5624,30.8,-69.2,36.43
FLUXUSDT,224,35.267857142857146,0.808,-65.3,-77.8,34.73,3588,19.7,-47.5,22.68
ICNTUSDT,35,37.142857142857146,0.808,-18.1,-59.1,81.88,1774,9.7,-21.9,5.06
MBOXUSDT,279,30.824372759856633,0.806,-83.0,-85.9,17.04,4961,27.2,-54.2,28.01
PTBUSDT,33,27.27272727272727,0.806,-30.9,-63.0,69.15,1402,7.7,-43.8,6.76
CHRUSDT,304,33.223684210526315,0.804,-91.8,-94.3,8.15,5624,30.8,-62.3,30.16
LINEAUSDT,66,39.39393939393939,0.803,-33.2,-36.4,66.8,1415,7.8,-46.4,11.81
ARKUSDT,385,30.909090909090907,0.802,-94.7,-95.6,5.28,5624,30.8,-68.2,29.82
EDUUSDT,310,30.32258064516129,0.796,-91.4,-93.7,8.59,5624,30.8,-61.5,24.53
MAVIAUSDT,208,28.365384615384613,0.794,-86.3,-91.7,13.7,4847,26.6,-59.2,20.49
GODSUSDT,300,31.666666666666664,0.793,-84.2,-90.4,15.81,5310,29.1,-53.3,24.55
DRIFTUSDT,187,34.75935828877005,0.793,-73.2,-83.6,26.78,4223,23.2,-49.5,18.72
EIGENUSDT,163,30.061349693251532,0.791,-59.9,-82.5,40.06,3756,20.6,-41.3,15.09
TUSDT,451,32.59423503325942,0.791,-88.5,-88.6,11.52,5624,30.8,-56.9,31.7
ORBSUSDT,441,32.426303854875286,0.788,-90.7,-91.7,9.28,5550,30.4,-60.8,34.67
ACXUSDT,199,27.1356783919598,0.787,-81.0,-82.4,18.99,3029,16.6,-69.9,21.89
THEUSDT,145,29.655172413793103,0.786,-70.1,-83.5,29.91,3083,16.9,-57.6,16.41
PLUMEUSDT,120,34.166666666666664,0.782,-51.3,-75.1,48.75,2735,15.0,-43.7,11.59
PIXELUSDT,198,31.818181818181817,0.78,-78.3,-79.8,21.65,4769,26.1,-50.5,18.74
BTRUSDT,25,36.0,0.775,-17.2,-25.8,82.77,1445,7.9,-24.9,4.31
APEXUSDT,69,34.78260869565217,0.774,-40.5,-45.9,59.49,1254,6.9,-59.6,10.91
AUSDT,167,33.532934131736525,0.773,-76.5,-84.5,23.53,1992,10.9,-79.6,24.4
TREEUSDT,84,32.142857142857146,0.771,-51.6,-65.2,48.35,1618,8.9,-62.6,15.36
YFIUSDT,514,34.24124513618677,0.769,-82.1,-85.3,17.86,5624,30.8,-48.8,30.72
CROUSDT,477,34.59119496855346,0.766,-89.3,-92.2,10.72,5624,30.8,-58.1,31.33
PYRUSDT,206,34.46601941747573,0.765,-82.4,-84.1,17.61,3389,18.6,-67.4,21.69
ICXUSDT,430,35.81395348837209,0.765,-93.9,-95.1,6.12,5624,30.8,-66.3,26.75
MORPHOUSDT,158,31.645569620253166,0.764,-64.1,-79.8,35.94,3113,17.1,-51.3,13.47
BLESSUSDT,35,31.428571428571427,0.761,-26.7,-35.6,73.3,1277,7.0,-41.3,6.21
AVAAIUSDT,100,30.0,0.761,-67.0,-72.8,32.99,2831,15.5,-57.6,12.94
STBLUSDT,39,35.8974358974359,0.757,-32.4,-43.6,67.63,1319,7.2,-47.7,7.09
TACUSDT,96,22.916666666666664,0.756,-81.2,-93.5,18.83,1703,9.3,-88.3,15.52
SOPHUSDT,124,29.03225806451613,0.756,-64.9,-69.7,35.08,1990,10.9,-68.4,19.01
AGLDUSDT,318,32.075471698113205,0.751,-95.0,-95.0,5.03,5624,30.8,-68.8,24.29
MUBARAKUSDT,105,26.666666666666668,0.751,-65.8,-79.0,34.17,2424,13.3,-62.1,14.06
USUALUSDT,133,29.32330827067669,0.749,-69.1,-82.0,30.86,3132,17.2,-56.0,14.02
FIOUSDT,239,30.543933054393307,0.746,-94.3,-95.8,5.69,3456,18.9,-83.7,21.69
SXTUSDT,127,32.28346456692913,0.744,-74.4,-84.0,25.56,2142,11.7,-75.2,17.39
USTCUSDT,348,30.17241379310345,0.742,-97.8,-98.6,2.19,5279,28.9,-79.5,20.87
B2USDT,120,31.666666666666664,0.737,-73.8,-80.4,26.19,1919,10.5,-78.3,16.05
MIRAUSDT,83,31.32530120481928,0.737,-54.9,-61.6,45.11,1265,6.9,-74.8,12.33
FORMUSDT,151,31.788079470198678,0.735,-54.5,-86.9,45.46,2411,13.2,-51.1,13.17
AUCTIONUSDT,323,29.411764705882355,0.734,-95.8,-96.9,4.19,5624,30.8,-70.9,18.76
HOLOUSDT,60,33.33333333333333,0.733,-41.4,-41.4,58.58,1355,7.4,-57.8,9.13
TRBUSDT,322,32.608695652173914,0.733,-92.8,-96.3,7.2,5624,30.8,-64.1,21.14
GIGGLEUSDT,49,32.6530612244898,0.733,-32.4,-58.6,67.64,1187,6.5,-51.4,6.03
OGUSDT,392,34.183673469387756,0.727,-65.8,-97.2,34.16,5624,30.8,-34.2,18.33
HAEDALUSDT,128,32.03125,0.724,-73.5,-79.6,26.54,2159,11.8,-73.9,13.65
OKBUSDT,118,32.20338983050847,0.721,-54.4,-63.1,45.57,1355,7.4,-71.9,18.24
SPXUSDT,79,34.177215189873415,0.72,-61.2,-86.4,38.77,3258,17.9,-47.1,9.68
POWRUSDT,442,33.710407239819006,0.716,-97.6,-98.0,2.4,5483,30.1,-77.4,21.86
MITOUSDT,75,36.0,0.716,-48.1,-51.3,51.88,1433,7.9,-63.3,11.76
POPCATUSDT,136,25.0,0.716,-81.8,-88.6,18.23,4547,24.9,-55.9,12.29
1000PEPEUSDT,296,27.7027027027027,0.715,-95.3,-95.3,4.74,5624,30.8,-69.5,18.11
GASUSDT,444,31.08108108108108,0.709,-96.7,-97.3,3.32,5489,30.1,-74.3,22.84
DIAUSDT,127,31.496062992125985,0.707,-76.8,-79.4,23.24,1656,9.1,-85.5,16.6
HNTUSDT,292,34.24657534246575,0.706,-90.3,-94.6,9.71,5624,30.8,-59.6,17.04
MEUSDT,173,33.52601156069364,0.706,-87.7,-90.2,12.31,3090,16.9,-77.3,18.26
BMTUSDT,160,33.75,0.7,-86.0,-93.4,14.01,2448,13.4,-82.7,16.51
XPINUSDT,61,27.86885245901639,0.695,-62.0,-73.6,37.96,1349,7.4,-79.2,10.14
SKYUSDT,123,34.959349593495936,0.691,-63.0,-63.6,37.02,1542,8.5,-75.6,14.54
CCUSDT,67,32.83582089552239,0.688,-56.0,-65.8,44.04,1054,5.8,-81.8,11.14
SNTUSDT,397,32.99748110831234,0.686,-94.5,-95.6,5.48,5429,29.8,-69.0,21.93
DEGENUSDT,169,30.76923076923077,0.684,-85.5,-87.6,14.5,4522,24.8,-60.7,12.41
ZBTUSDT,55,30.909090909090907,0.684,-45.4,-60.1,54.62,1138,6.2,-68.7,8.17
ASRUSDT,126,30.158730158730158,0.678,-65.7,-70.5,34.28,1523,8.3,-78.5,16.46
SAGAUSDT,182,30.76923076923077,0.677,-92.7,-93.7,7.32,4475,24.5,-72.2,14.1
EPICUSDT,148,33.108108108108105,0.677,-80.9,-83.6,19.14,2442,13.4,-77.3,14.74
ESPORTSUSDT,100,26.0,0.677,-72.0,-89.5,27.96,1619,8.9,-82.1,10.11
MASKUSDT,447,31.096196868008946,0.676,-97.1,-97.4,2.9,5624,30.8,-74.8,19.35
POLYXUSDT,390,31.025641025641026,0.664,-96.0,-96.0,4.0,5484,30.1,-72.3,17.27
ENSUSDT,383,29.765013054830288,0.662,-95.5,-95.8,4.51,5624,30.8,-70.1,17.53
REZUSDT,184,33.69565217391305,0.66,-85.3,-88.2,14.75,4301,23.6,-62.2,12.92
ERAUSDT,125,30.4,0.656,-79.0,-82.6,21.03,1690,9.3,-86.7,13.15
ESUSDT,119,24.369747899159663,0.651,-89.1,-93.5,10.92,1697,9.3,-94.2,14.97
PARTIUSDT,100,27.0,0.651,-82.3,-87.8,17.7,2374,13.0,-79.7,12.11
NILUSDT,122,22.131147540983605,0.65,-88.4,-88.4,11.56,2404,13.2,-86.0,13.53
FLRUSDT,517,33.46228239845261,0.649,-99.2,-99.4,0.82,5624,30.8,-84.5,17.56
HUSDT,38,31.57894736842105,0.649,-40.3,-51.9,59.73,1823,10.0,-46.1,5.26
OPENUSDT,86,31.3953488372093,0.648,-69.2,-74.1,30.83,1372,7.5,-84.7,11.59
TONUSDT,500,32.800000000000004,0.646,-96.0,-96.2,4.04,5624,30.8,-71.3,22.32
TRUSTUSDT,57,29.82456140350877,0.645,-47.2,-52.9,52.78,971,5.3,-76.3,8.98
BOBAUSDT,363,30.57851239669421,0.645,-94.8,-94.8,5.18,5624,30.8,-68.4,18.55
SENTUSDT,52,23.076923076923077,0.645,-48.8,-49.1,51.21,966,5.3,-78.0,7.08
CVCUSDT,415,30.602409638554217,0.643,-98.4,-98.8,1.58,5624,30.8,-80.1,19.31
STEEMUSDT,450,31.555555555555554,0.643,-97.9,-98.7,2.06,5478,30.0,-78.8,18.44
HFTUSDT,295,30.847457627118647,0.642,-94.1,-94.8,5.92,5624,30.8,-66.7,13.86
RAREUSDT,295,29.491525423728817,0.641,-92.7,-94.5,7.25,5279,28.9,-66.3,14.45
LTCUSDT,516,32.17054263565892,0.636,-95.0,-95.5,5.05,5624,30.8,-68.7,23.14
MANTAUSDT,266,33.45864661654135,0.636,-94.4,-94.5,5.57,4967,27.2,-72.0,15.09
1000CATUSDT,158,29.746835443037973,0.633,-85.1,-92.0,14.92,3533,19.4,-69.2,11.66
COAIUSDT,62,27.419354838709676,0.629,-46.7,-69.0,53.31,1230,6.7,-67.4,6.06
TOWNSUSDT,77,32.467532467532465,0.628,-68.2,-73.0,31.82,1576,8.6,-79.6,9.58
SIGNUSDT,125,33.6,0.628,-66.8,-78.4,33.16,2171,11.9,-67.1,11.83
ARPAUSDT,367,31.062670299727518,0.62,-92.6,-94.2,7.43,5624,30.8,-63.6,14.99
AKEUSDT,39,28.205128205128204,0.618,-43.9,-52.6,56.09,1264,6.9,-63.3,5.66
TRUUSDT,270,31.11111111111111,0.618,-88.2,-95.4,11.79,5624,30.8,-56.5,12.0
TWTUSDT,505,32.87128712871287,0.617,-96.9,-97.0,3.13,5624,30.8,-74.0,17.04
CROSSUSDT,128,29.6875,0.614,-84.2,-86.0,15.79,1733,9.5,-90.3,11.37
METUSDT,56,28.57142857142857,0.611,-48.5,-62.1,51.45,1181,6.5,-70.8,6.91
ZEREBROUSDT,101,33.663366336633665,0.61,-67.9,-79.5,32.14,2886,15.8,-57.7,8.4
SAHARAUSDT,138,28.26086956521739,0.608,-84.2,-87.4,15.79,1852,10.2,-88.7,13.12
ZROUSDT,226,30.53097345132743,0.599,-96.3,-97.3,3.7,4042,22.2,-83.2,12.28
1000000MOGUSDT,129,24.031007751937985,0.598,-93.2,-93.2,6.82,4252,23.3,-74.9,9.57
PUNDIXUSDT,198,37.878787878787875,0.596,-83.0,-83.0,17.04,2159,11.8,-83.4,16.74
AERGOUSDT,390,31.025641025641026,0.594,-96.8,-97.1,3.22,5344,29.3,-75.5,16.43
UMAUSDT,392,29.591836734693878,0.568,-97.1,-97.8,2.92,5624,30.8,-74.7,12.76
TRUTHUSDT,53,22.641509433962266,0.567,-75.3,-85.3,24.67,1234,6.8,-91.6,8.41
HANAUSDT,48,27.083333333333332,0.562,-56.1,-74.8,43.88,1139,6.2,-79.5,6.15
0GUSDT,61,26.229508196721312,0.562,-62.9,-68.1,37.09,1314,7.2,-80.8,8.27
HEIUSDT,171,29.239766081871345,0.56,-96.6,-96.6,3.4,2609,14.3,-94.1,11.59
IDUSDT,340,33.82352941176471,0.556,-94.0,-95.8,6.02,5624,30.8,-66.5,12.37
BSUUSDT,66,24.242424242424242,0.556,-71.0,-78.7,28.98,1445,7.9,-84.7,7.85
RECALLUSDT,47,36.17021276595745,0.552,-49.2,-56.9,50.77,1151,6.3,-72.4,5.41
SOSOUSDT,183,27.86885245901639,0.551,-93.8,-94.8,6.16,1817,10.0,-96.5,18.52
ALLOUSDT,59,35.59322033898305,0.55,-56.6,-65.3,43.39,971,5.3,-84.8,6.59
FUSDT,132,31.060606060606062,0.538,-76.8,-81.7,23.24,3029,16.6,-65.2,9.44
NMRUSDT,388,31.185567010309278,0.536,-99.5,-99.6,0.48,5624,30.8,-87.4,13.26
FIDAUSDT,182,26.923076923076923,0.535,-93.2,-93.7,6.77,3461,19.0,-81.8,10.75
BANANAS31USDT,120,27.500000000000004,0.532,-81.4,-86.2,18.62,2357,12.9,-79.0,10.25
B3USDT,141,31.914893617021278,0.522,-85.9,-93.2,14.11,2621,14.4,-80.5,8.6
PROVEUSDT,99,36.36363636363637,0.517,-74.9,-79.4,25.14,1575,8.6,-85.3,8.88
CLANKERUSDT,84,34.523809523809526,0.504,-60.3,-77.6,39.75,2171,11.9,-60.6,7.2
RESOLVUSDT,75,22.666666666666664,0.504,-80.4,-84.1,19.64,1912,10.5,-84.5,7.49
UBUSDT,83,21.686746987951807,0.502,-86.0,-87.4,13.98,1349,7.4,-95.9,7.44
HMSTRUSDT,222,31.53153153153153,0.494,-94.8,-95.8,5.2,3533,19.4,-84.0,10.61
ASTERUSDT,95,25.263157894736842,0.49,-80.7,-80.7,19.29,1307,7.2,-93.6,9.67
COMPUSDT,443,30.02257336343115,0.487,-98.3,-98.8,1.67,5624,30.8,-79.7,12.95
BANUSDT,169,25.443786982248522,0.486,-88.3,-94.7,11.73,3137,17.2,-77.6,8.23
PIPPINUSDT,73,21.91780821917808,0.484,-87.6,-90.1,12.44,2777,15.2,-80.7,6.49
ARIAUSDT,55,23.636363636363637,0.476,-56.8,-76.3,43.16,1402,7.7,-73.1,4.55
OXTUSDT,456,31.798245614035086,0.472,-99.6,-99.6,0.43,5624,30.8,-88.0,11.25
OLUSDT,135,27.40740740740741,0.465,-90.5,-92.4,9.5,3119,17.1,-80.8,7.4
SOLVUSDT,166,24.69879518072289,0.463,-84.5,-96.0,15.45,2777,15.2,-77.0,7.2
LUMIAUSDT,181,28.176795580110497,0.457,-92.8,-94.9,7.18,3281,18.0,-82.7,7.38
OGNUSDT,356,28.370786516853936,0.455,-98.5,-98.6,1.47,5624,30.8,-80.7,9.93
FLOCKUSDT,99,26.262626262626267,0.453,-88.4,-88.4,11.58,2825,15.5,-81.2,7.47
HEMIUSDT,58,27.586206896551722,0.452,-64.0,-68.7,35.99,1282,7.0,-82.5,5.96
DEXEUSDT,217,32.25806451612903,0.448,-89.2,-95.9,10.84,3833,21.0,-71.9,10.62
GRIFFAINUSDT,83,26.506024096385545,0.438,-83.9,-85.7,16.07,2946,16.2,-74.3,5.92
SWARMSUSDT,110,23.636363636363637,0.421,-95.6,-95.8,4.37,2844,15.6,-91.0,6.97
BARDUSDT,71,25.352112676056336,0.419,-72.4,-72.4,27.61,1325,7.3,-88.1,7.83
XMRUSDT,374,28.609625668449194,0.397,-99.0,-99.1,1.05,5624,30.8,-83.0,14.64
MEGAUSDT,100,17.0,0.386,-91.5,-94.9,8.46,1103,6.0,-99.3,7.06
LYNUSDT,26,23.076923076923077,0.373,-53.5,-54.4,46.48,1206,6.6,-75.1,3.37
MAVUSDT,285,26.666666666666668,0.371,-99.2,-99.2,0.78,5624,30.8,-84.9,7.49
VELVETUSDT,80,26.25,0.363,-80.3,-81.4,19.71,1703,9.3,-87.6,5.98
FFUSDT,78,23.076923076923077,0.36,-81.2,-81.2,18.75,1246,6.8,-94.7,7.15
MOODENGUSDT,144,30.555555555555557,0.36,-94.7,-94.8,5.34,3426,18.8,-84.6,6.15
NAORISUSDT,48,18.75,0.356,-81.2,-82.5,18.83,1607,8.8,-89.7,5.15
PEAQUSDT,113,27.43362831858407,0.351,-91.3,-93.5,8.73,3131,17.2,-81.8,6.54
QUSDT,44,15.909090909090908,0.351,-80.0,-83.0,19.96,1349,7.4,-92.7,5.11
JCTUSDT,31,16.129032258064516,0.347,-62.0,-62.0,38.04,953,5.2,-89.1,3.52
PUMPFUNUSDT,72,23.61111111111111,0.342,-75.3,-82.8,24.68,1734,9.5,-82.9,4.81
MUSDT,88,21.59090909090909,0.328,-83.3,-90.0,16.69,1745,9.6,-89.4,5.83
STABLEUSDT,27,22.22222222222222,0.327,-60.5,-60.5,39.49,1018,5.6,-86.4,3.69
IRYSUSDT,38,21.052631578947366,0.326,-62.3,-75.0,37.68,894,4.9,-90.8,3.87
ATUSDT,79,15.18987341772152,0.308,-78.1,-82.2,21.91,1066,5.8,-95.6,7.48
UAIUSDT,31,16.129032258064516,0.296,-56.9,-68.6,43.11,953,5.2,-85.5,3.36
ALCHUSDT,152,22.36842105263158,0.282,-94.8,-97.0,5.24,2838,15.6,-89.7,5.4
EDENUSDT,59,22.033898305084744,0.216,-85.8,-86.0,14.22,1241,6.8,-96.8,5.36
YZYUSDT,186,19.892473118279568,0.197,-96.1,-96.3,3.91,1483,8.1,-99.2,10.15
ASPUSDT,107,16.822429906542055,0.176,-94.7,-95.2,5.29,1649,9.0,-98.0,5.82
USDEUSDT,557,0.17953321364452424,0.001,-77.0,-77.0,22.99,3755,20.6,-57.6,56.44
BTCUSDT,0,0.0,0.0,0.0,0.0,100.0,5627,30.849780701754387,,
RLUSDUSDT,167,0.0,0.0,-44.1,-44.1,55.89,1264,6.9,-63.5,24.38
USD1USDT,190,0.0,0.0,-39.3,-39.3,60.72,1697,9.3,-47.5,29.78
USDCUSDT,699,0.0,0.0,-79.7,-79.7,20.3,5624,30.8,-46.2,69.03
